{
  "sceneName": "list20",
  "data": {
    "list": [
      {
        "by": "ingve",
        "descendants": 6,
        "id": 17045576,
        "kids": [
          null
        ],
        "score": 59,
        "time": 1526024150,
        "title": "Linux sandboxing improvements in Firefox 60",
        "type": "story",
        "url": "https://www.morbo.org/2018/05/linux-sandboxing-improvements-in_10.html"
      },
      {
        "by": "mpweiher",
        "descendants": 89,
        "id": 17045308,
        "kids": [
          null
        ],
        "score": 178,
        "time": 1526019732,
        "title": "Stanford Study Shows the Productivity Boost of Working From Home",
        "type": "story",
        "url": "https://www.thriveglobal.com/stories/30386-a-2-year-stanford-study-shows-the-astonishing-productivity-boost-of-working-from-home"
      },
      {
        "by": "jseliger",
        "descendants": 16,
        "id": 17043513,
        "kids": [
          null
        ],
        "score": 25,
        "time": 1525991756,
        "title": "Interviews vs. auditions",
        "type": "story",
        "url": "https://ryanholiday.net/heres-the-technique-that-ambitious-people-use-to-get-what-they-want/"
      },
      {
        "by": "DanielRibeiro",
        "descendants": 5,
        "id": 17044595,
        "kids": [
          null
        ],
        "score": 37,
        "time": 1526006187,
        "title": "Haskell's Missing Concurrency Basics",
        "type": "story",
        "url": "https://www.snoyman.com/blog/2016/11/haskells-missing-concurrency-basics"
      },
      {
        "by": "cbhl",
        "descendants": 118,
        "id": 17033798,
        "kids": [
          null
        ],
        "score": 316,
        "time": 1525898156,
        "title": "What’s the waiter doing with the computer screen? (2012)",
        "type": "story",
        "url": "https://javlaskitsystem.se/2012/02/whats-the-waiter-doing-with-the-computer-screen/"
      },
      {
        "by": "nopinsight",
        "descendants": 10,
        "id": 17045197,
        "kids": [
          null
        ],
        "score": 25,
        "time": 1526017420,
        "title": "The meaning of the Vision Fund",
        "type": "story",
        "url": "https://www.economist.com/news/leaders/21741973-succeed-or-fail-masayoshi-son-changing-world-technology-investing-meaning"
      },
      {
        "by": "montrose",
        "descendants": 56,
        "id": 17041466,
        "kids": [
          null
        ],
        "score": 88,
        "time": 1525975691,
        "title": "All Work and No Play: Why Kids Are More Anxious, Depressed (2011)",
        "type": "story",
        "url": "https://www.theatlantic.com/health/archive/2011/10/all-work-and-no-play-why-your-kids-are-more-anxious-depressed/246422/?single_page=true"
      },
      {
        "by": "clumsysmurf",
        "descendants": 238,
        "id": 17043629,
        "kids": [
          null
        ],
        "score": 511,
        "time": 1525993095,
        "title": "Emails Show FDA Chemists Have Been Finding Glyphosate in Food",
        "type": "story",
        "url": "https://modernfarmer.com/2018/05/emails-show-fda-chemists-have-been-quietly-finding-glyphosate-in-food/"
      },
      {
        "by": "ohaikbai",
        "descendants": 12,
        "id": 17043812,
        "kids": [
          null
        ],
        "score": 72,
        "time": 1525995449,
        "title": "The Billion-Dollar Bank Job",
        "type": "story",
        "url": "https://www.nytimes.com/interactive/2018/05/03/magazine/money-issue-bangladesh-billion-dollar-bank-heist.html"
      },
      {
        "by": "rgbrenner",
        "descendants": 17,
        "id": 17041758,
        "kids": [
          null
        ],
        "score": 150,
        "time": 1525977543,
        "title": "Lawmakers move to block government from ordering digital back doors",
        "type": "story",
        "url": "http://thehill.com/policy/cybersecurity/387122-house-lawmakers-move-to-block-govt-from-ordering-digital-back-doors"
      },
      {
        "by": "artsandsci",
        "descendants": 46,
        "id": 17042703,
        "kids": [
          null
        ],
        "score": 135,
        "time": 1525984372,
        "title": "Digital Photocopiers Loaded with Secrets (2010)",
        "type": "story",
        "url": "https://www.cbsnews.com/news/digital-photocopiers-loaded-with-secrets/?ref="
      },
      {
        "by": "wheresvic1",
        "descendants": 51,
        "id": 17043082,
        "kids": [
          null
        ],
        "score": 111,
        "time": 1525987382,
        "title": "Low Level Bit Hacks You Absolutely Must Know",
        "type": "story",
        "url": "http://www.catonmat.net/blog/low-level-bit-hacks-you-absolutely-must-know/"
      },
      {
        "by": "bobross",
        "descendants": 70,
        "id": 17044518,
        "kids": [
          null
        ],
        "score": 439,
        "time": 1526004788,
        "title": "Google YOLO clickjacking",
        "type": "story",
        "url": "https://blog.innerht.ml/google-yolo/"
      },
      {
        "by": "bcaulfield",
        "descendants": 15,
        "id": 17044694,
        "kids": [
          null
        ],
        "score": 30,
        "time": 1526007618,
        "title": "Rare wooden escalators lead down into a staggeringly monotonous tiled tunnel",
        "type": "story",
        "url": "https://www.atlasobscura.com/places/st-annas-tunnel"
      },
      {
        "by": "ridruejo",
        "descendants": 10,
        "id": 17040490,
        "kids": [
          null
        ],
        "score": 89,
        "time": 1525970413,
        "title": "Earning Your Stripes: An Interview with Patrick Collison",
        "type": "story",
        "url": "https://www.fs.blog/2018/05/patrick-collison/"
      },
      {
        "by": "OberstKrueger",
        "descendants": 27,
        "id": 17043816,
        "kids": [
          null
        ],
        "score": 82,
        "time": 1525995531,
        "title": "Librem 5 design report",
        "type": "story",
        "url": "https://puri.sm/posts/librem5-progress-report-11/"
      },
      {
        "by": "mgdo",
        "descendants": 0,
        "id": 17042397,
        "score": 7,
        "time": 1525982060,
        "title": "John Urschel's Favorite Theorem",
        "type": "story",
        "url": "https://blogs.scientificamerican.com/roots-of-unity/john-urschels-favorite-theorem/"
      },
      {
        "by": "lainon",
        "descendants": 0,
        "id": 17043954,
        "score": 3,
        "time": 1525997365,
        "title": "Münchhausen trilemma",
        "type": "story",
        "url": "https://en.wikipedia.org/wiki/M%C3%BCnchhausen_trilemma"
      },
      {
        "by": "montrose",
        "descendants": 33,
        "id": 17041633,
        "kids": [
          null
        ],
        "score": 49,
        "time": 1525976687,
        "title": "Fitzgerald Officer of the Deck Pleads Guilty at Court-Martial",
        "type": "story",
        "url": "https://www.military.com/daily-news/2018/05/08/fitzgerald-officer-deck-pleads-guilty-court-martial.html"
      },
      {
        "by": "Ethcad",
        "descendants": 21,
        "id": 17043541,
        "kids": [
          null
        ],
        "score": 57,
        "time": 1525992040,
        "title": "FizzBuzz Enterprise Edition",
        "type": "story",
        "url": "http://www.fizzbuzz.enterprises/"
      }
    ],
    "page": 1,
    "pageSize": 20
  },
  "interfaceUniqId": "cb8f0113-4bbc-4f29-97a1-7fc174a2f196",
  "uniqId": "54f15e55-f21a-46a7-bdf0-eda16472a9d0"
}